3dsc_formula,Tc_exp (K),lambda,w_log (eV),lambda4w_low (eV),lambda3,L_avg (AA),density (g / cm^3),V_molar (cm^3 / mol),at_mass_mean (g / mol),at_mass_wtd_mean (g / mol),at_mass_range (g / mol),at_mass_wtd_range (g / mol),at_mass_std (g / mol),at_mass_wtd_std (g / mol),at_rad_mean (AA),at_rad_wtd_mean (AA),at_rad_range (AA),at_rad_wtd_range (AA),at_rad_std (AA),at_rad_wtd_std (AA),IP_mean (eV),IP_wtd_mean (eV),IP_range (eV),IP_wtd_range (eV),IP_std (eV),IP_wtd_std (eV),PE_mean,PE_wtd_mean,PE_range,PE_wtd_range,PE_std,PE_wtd_std,EA_mean (eV),EA_wtd_mean (eV),EA_range (eV),EA_wtd_range (eV),EA_std (eV),EA_wtd_std (eV),ThermalCond_mean (W / m K),ThermalCond_wtd_mean (W / m K),ThermalCond_range (W / m K),ThermalCond_wtd_range (W / m K),ThermalCond_std (W / m K),ThermalCond_wtd_std (W / m K)
C8Cs1,0.0675,0.4475,0.02618,0.00105,0.08961,5.2736,3.0256,75.6865,72.4581,25.4435,120.8948,23.8804,60.4474,37.9936,1.5850,0.9200,1.7100,0.3378,0.8550,0.5374,7.5770,10.4416,7.3660,1.4550,3.6830,2.3149,1.6700,2.3544,1.7600,0.3477,0.8800,0.5531,0.8675,1.1751,0.7910,0.1562,0.3955,0.2486,88.0000,128.4444,104.0000,20.5432,52.0000,32.6840
Se2Ta1,0.125,4.6030,0.00462,2.07394,97.52656,6.6641,8.7666,38.6570,129.9594,112.9633,101.9769,45.3231,50.9884,48.0724,1.4500,1.3667,0.5000,0.2222,0.2500,0.2357,8.8210,9.1313,1.8620,0.8276,0.9310,0.8778,2.0250,2.2000,1.0500,0.4667,0.5250,0.4950,1.1715,1.4547,1.6990,0.7551,0.8495,0.8009,28.7600,19.3467,56.4800,25.1022,28.2400,26.6249
Ti1,0.162,0.4962,0.02020,0.00122,0.12217,3.9417,4.8306,9.9092,47.8670,47.8670,0.0000,0.0000,0.0000,0.0000,1.6000,1.6000,0.0000,0.0000,0.0000,0.0000,6.8280,6.8280,0.0000,0.0000,0.0000,0.0000,1.5400,1.5400,0.0000,0.0000,0.0000,0.0000,0.0790,0.0790,0.0000,0.0000,0.0000,0.0000,21.9000,21.9000,0.0000,0.0000,0.0000,0.0000
B1Mo1,0.25,0.5818,0.02910,0.00333,0.19693,4.0300,8.7273,12.2329,53.3805,53.3805,85.1390,42.5695,42.5695,42.5695,1.1900,1.1900,0.7000,0.3500,0.3500,0.3500,7.6950,7.6950,1.2060,0.6030,0.6030,0.6030,2.1000,2.1000,0.1200,0.0600,0.0600,0.0600,0.5115,0.5115,0.4690,0.2345,0.2345,0.2345,83.0000,83.0000,112.0000,56.0000,56.0000,56.0000
Al1Hf1Ni2,0.37,0.5899,0.01096,0.00133,0.20527,4.2592,9.8131,32.9009,88.0536,80.7136,151.5045,48.8862,65.2427,57.9145,1.4000,1.3600,0.5400,0.1950,0.2478,0.2255,6.8170,7.0228,1.6540,0.6173,0.6753,0.6848,1.6067,1.6825,0.6100,0.2275,0.2490,0.2525,0.5323,0.6883,1.1560,0.4678,0.4763,0.4931,116.3333,110.0000,212.0000,62.5000,88.3830,77.3240
Pt1Te1,0.59,0.8148,0.00766,0.00337,0.54094,4.6736,12.4189,25.9833,161.3420,161.3420,67.4840,33.7420,33.7420,33.7420,1.3700,1.3700,0.0200,0.0100,0.0100,0.0100,8.9844,8.9844,0.0512,0.0256,0.0256,0.0256,2.1900,2.1900,0.1800,0.0900,0.0900,0.0900,2.0495,2.0495,0.1570,0.0785,0.0785,0.0785,37.5000,37.5000,69.0000,34.5000,34.5000,34.5000
Sb1V3,0.65,0.5143,0.02064,0.00144,0.13603,4.8715,7.8882,34.8096,86.3508,68.6461,70.8185,26.5569,35.4093,30.6653,1.4600,1.4950,0.1400,0.0525,0.0700,0.0606,7.6930,7.2195,1.8940,0.7103,0.9470,0.8201,1.8400,1.7350,0.4200,0.1575,0.2100,0.1819,0.7975,0.6613,0.5450,0.2044,0.2725,0.2360,27.3500,29.0250,6.7000,2.5125,3.3500,2.9012
Al1Ni2Zr1,0.69,0.8935,0.00857,0.00546,0.71332,4.2813,7.0501,33.4168,58.9656,58.8976,64.2405,16.1622,26.2268,22.7134,1.4000,1.3600,0.5400,0.1950,0.2478,0.2255,6.7533,6.9750,1.6540,0.6650,0.6805,0.7034,1.6167,1.6900,0.5800,0.2200,0.2368,0.2412,0.6743,0.7948,0.7300,0.3613,0.3406,0.3613,116.2333,109.9250,212.3000,62.5375,88.4887,77.4084
Rh1Te2,0.755,0.3210,0.01209,0.00013,0.03308,6.4498,8.8649,40.3957,115.2528,119.3685,24.6945,10.9753,12.3473,11.6411,1.4000,1.3933,0.0400,0.0178,0.0200,0.0189,8.2345,8.4930,1.5510,0.6893,0.7755,0.7311,2.1900,2.1600,0.1800,0.0800,0.0900,0.0849,1.5540,1.6930,0.8340,0.3707,0.4170,0.3932,76.5000,52.0000,147.0000,65.3333,73.5000,69.2965
Zr1,0.996666667,0.6892,0.01275,0.00288,0.32737,3.8274,6.7449,13.5249,91.2220,91.2220,0.0000,0.0000,0.0000,0.0000,1.7500,1.7500,0.0000,0.0000,0.0000,0.0000,6.6340,6.6340,0.0000,0.0000,0.0000,0.0000,1.3300,1.3300,0.0000,0.0000,0.0000,0.0000,0.4260,0.4260,0.0000,0.0000,0.0000,0.0000,22.7000,22.7000,0.0000,0.0000,0.0000,0.0000
Be2Ta3,1,0.3723,0.01579,0.00030,0.05160,5.4003,13.5344,41.4402,94.9800,112.1736,171.9357,82.5291,85.9678,84.2309,1.3300,1.4040,0.7400,0.3552,0.3700,0.3625,8.6065,8.4632,1.4330,0.6878,0.7165,0.7020,1.5350,1.5280,0.0700,0.0336,0.0350,0.0343,0.1610,0.1932,0.3220,0.1546,0.1610,0.1577,123.5000,110.2000,133.0000,63.8400,66.5000,65.1564
C1Si1,1.075,0.6001,0.04009,0.00520,0.21611,2.8544,4.0489,9.9028,20.0481,20.0481,16.0748,8.0374,8.0374,8.0374,0.9200,0.9200,0.3800,0.1900,0.1900,0.1900,9.7060,9.7060,3.1080,1.5540,1.5540,1.5540,2.2250,2.2250,0.6500,0.3250,0.3250,0.3250,1.3240,1.3240,0.1220,0.0610,0.0610,0.0610,145.0000,145.0000,10.0000,5.0000,5.0000,5.0000
Nb3Sb1,1.1,0.6642,0.01822,0.00355,0.29302,5.2351,9.2703,43.2004,107.3332,100.1198,28.8536,10.8201,14.4268,12.4940,1.5150,1.5775,0.2500,0.0938,0.1250,0.1083,7.6995,7.2293,1.8810,0.7054,0.9405,0.8145,1.8250,1.7125,0.4500,0.1688,0.2250,0.1949,0.9815,0.9373,0.1770,0.0664,0.0885,0.0766,39.0000,46.5000,30.0000,11.2500,15.0000,12.9904
Nb1O1,1.38,0.5126,0.02502,0.00173,0.13469,4.1919,7.3650,14.7869,54.4529,54.4529,76.9070,38.4535,38.4535,38.4535,1.1500,1.1500,0.9800,0.4900,0.4900,0.4900,10.1885,10.1885,6.8590,3.4295,3.4295,3.4295,2.5200,2.5200,1.8400,0.9200,0.9200,0.9200,1.1770,1.1770,0.5680,0.2840,0.2840,0.2840,27.0133,27.0133,53.9734,26.9867,26.9867,26.9867
Sb1,1.416666667,1.1036,0.00924,0.01370,1.34411,3.0620,7.0426,17.2890,121.7600,121.7600,0.0000,0.0000,0.0000,0.0000,1.3900,1.3900,0.0000,0.0000,0.0000,0.0000,8.6400,8.6400,0.0000,0.0000,0.0000,0.0000,2.0500,2.0500,0.0000,0.0000,0.0000,0.0000,1.0700,1.0700,0.0000,0.0000,0.0000,0.0000,24.0000,24.0000,0.0000,0.0000,0.0000,0.0000
Sb1Sn1,1.43,0.8586,0.00783,0.00426,0.63295,4.3019,7.0930,33.9025,120.2350,120.2350,3.0500,1.5250,1.5250,1.5250,1.3900,1.3900,0.0000,0.0000,0.0000,0.0000,7.9920,7.9920,1.2960,0.6480,0.6480,0.6480,2.0050,2.0050,0.0900,0.0450,0.0450,0.0450,1.1350,1.1350,0.1300,0.0650,0.0650,0.0650,45.3000,45.3000,42.6000,21.3000,21.3000,21.3000
S2Ta1,1.4881166665,2.1368,0.00993,0.20700,9.75645,6.1850,7.2532,33.7875,106.5069,81.6933,148.8819,66.1697,74.4409,70.1836,1.3750,1.2667,0.6500,0.2889,0.3250,0.3064,9.1250,9.5367,2.4700,1.0978,1.2350,1.1644,2.0400,2.2200,1.0800,0.4800,0.5400,0.5091,1.1995,1.4920,1.7550,0.7800,0.8775,0.8273,28.6025,19.1367,56.7950,25.2422,28.3975,26.7734
B2C2Y1,1.8,0.4588,0.03593,0.00159,0.09658,4.7208,4.4913,29.9573,37.2425,26.9098,78.0948,24.7984,36.5348,31.0026,1.1567,1.0080,1.1700,0.3568,0.5275,0.4487,8.5917,9.0666,5.0430,1.7547,2.0692,1.9454,1.9367,2.0800,1.3300,0.3760,0.5479,0.4867,0.6157,0.6774,0.9860,0.4685,0.4579,0.4783,61.4000,70.2400,122.8000,55.8080,55.7224,57.0711
Re2Y1,1.83,0.5320,0.01367,0.00109,0.15057,6.4860,14.0834,32.7562,137.5564,153.7733,97.3012,43.2450,48.6506,45.8682,1.7050,1.6400,0.3900,0.1733,0.1950,0.1838,7.0485,7.3257,1.6630,0.7391,0.8315,0.7839,1.5600,1.6733,0.6800,0.3022,0.3400,0.3206,0.2285,0.2023,0.1570,0.0698,0.0785,0.0740,32.6000,37.7333,30.8000,13.6889,15.4000,14.5193
S1Y1,1.9,0.7018,0.01432,0.00347,0.34565,3.8592,4.9425,24.4744,60.4859,60.4859,56.8398,28.4199,28.4199,28.4199,1.4750,1.4750,0.8500,0.4250,0.4250,0.4250,8.2885,8.2885,4.1430,2.0715,2.0715,2.0715,1.9000,1.9000,1.3600,0.6800,0.6800,0.6800,1.1920,1.1920,1.7700,0.8850,0.8850,0.8850,8.7025,8.7025,16.9950,8.4975,8.4975,8.4975
Ga2Pt1,1.9,0.7754,0.00792,0.00286,0.46621,4.1832,10.7315,31.1726,132.4035,111.5100,125.3610,55.7160,62.6805,59.0957,1.2900,1.2667,0.1400,0.0622,0.0700,0.0660,7.4789,6.9856,2.9598,1.3155,1.4799,1.3953,2.0450,1.9667,0.4700,0.2089,0.2350,0.2216,1.2140,0.9093,1.8280,0.8124,0.9140,0.8617,50.5000,43.3333,43.0000,19.1111,21.5000,20.2704
Mo0.5Rh0.5,1.94,0.6118,0.01776,0.00249,0.22900,3.9588,11.6029,17.1384,99.4278,99.4278,6.9555,3.4778,3.4778,3.4778,1.4800,1.4800,0.1200,0.0600,0.0600,0.0600,7.2755,7.2755,0.3670,0.1835,0.1835,0.1835,2.2200,2.2200,0.1200,0.0600,0.0600,0.0600,0.9415,0.9415,0.3910,0.1955,0.1955,0.1955,144.5000,144.5000,11.0000,5.5000,5.5000,5.5000
Pd2Sc1Sn1,2.1225,0.6677,0.00775,0.00154,0.29768,4.5882,9.1538,41.1311,119.3452,116.1139,26.4855,9.6939,10.8220,10.9160,1.7400,1.6525,1.0500,0.3938,0.4950,0.4547,6.5250,6.9780,4.4430,1.5420,1.9041,1.8261,1.6500,1.7875,1.4100,0.4988,0.6160,0.5842,0.7430,0.6965,0.7280,0.2518,0.3250,0.2928,51.5333,56.6500,56.0000,20.3250,25.2224,23.5726
Be2Nb1,2.15,0.4840,0.02513,0.00138,0.11338,4.5804,5.4216,20.4609,50.9593,36.9769,83.8942,37.2863,41.9471,39.5481,1.3000,1.1867,0.6800,0.3022,0.3400,0.3206,8.0410,8.4683,2.5640,1.1396,1.2820,1.2087,1.5850,1.5800,0.0300,0.0133,0.0150,0.0141,0.4465,0.2977,0.8930,0.3969,0.4465,0.4210,122.0000,144.6667,136.0000,60.4444,68.0000,64.1110
In1Te1,2.206,0.9116,0.00551,0.00381,0.75755,4.3492,6.9199,35.0319,121.2090,121.2090,12.7820,6.3910,6.3910,6.3910,1.4000,1.4000,0.0400,0.0200,0.0200,0.0200,7.3980,7.3980,3.2240,1.6120,1.6120,1.6120,1.9400,1.9400,0.3200,0.1600,0.1600,0.1600,1.1355,1.1355,1.6710,0.8355,0.8355,0.8355,42.5000,42.5000,79.0000,39.5000,39.5000,39.5000
C2Cl2Y2,2.3,1.4190,0.00704,0.02854,2.85724,5.7998,3.7649,36.2210,45.4564,45.4564,76.8951,28.9663,32.1794,32.1794,1.2167,1.2167,1.1700,0.4556,0.4975,0.4975,10.1483,10.1483,6.7510,2.6209,2.8660,2.8660,2.3100,2.3100,1.9400,0.7267,0.8100,0.8100,1.7290,1.7290,3.3100,1.2587,1.3909,1.3909,52.4030,52.4030,139.9911,58.3980,62.3368,62.3368
Be2Nb3,2.3,0.4496,0.01938,0.00079,0.09088,5.4114,7.1107,41.7322,50.9593,59.3487,83.8942,40.2692,41.9471,41.0996,1.3000,1.3680,0.6800,0.3264,0.3400,0.3331,8.0410,7.7846,2.5640,1.2307,1.2820,1.2561,1.5850,1.5880,0.0300,0.0144,0.0150,0.0147,0.4465,0.5358,0.8930,0.4286,0.4465,0.4375,122.0000,108.4000,136.0000,65.2800,68.0000,66.6261
Pb1Pd2Sc1,2.4,0.8331,0.00285,0.00137,0.57822,4.6561,10.8179,42.9840,148.8418,138.2364,100.7800,34.4818,42.6586,41.2582,1.7633,1.6700,1.0500,0.3850,0.4793,0.4455,6.5493,6.9963,4.4430,1.5511,1.9148,1.8300,1.7733,1.8800,1.5400,0.5450,0.6973,0.6315,0.4630,0.4865,0.1970,0.0705,0.0807,0.0809,41.0000,48.7500,56.0000,23.2500,23.2522,24.2010
As1Pt1Sr1,2.425,0.7421,0.00825,0.00250,0.40868,5.7906,8.5629,41.7647,119.2085,119.2085,120.1624,50.5836,53.9019,53.9019,1.5000,1.5000,0.7600,0.3000,0.3257,0.3257,8.1563,8.1563,4.1200,1.6409,1.7751,1.7751,1.8033,1.8033,1.3300,0.5689,0.6048,0.6048,0.9793,0.9793,2.1280,0.7658,0.8770,0.8770,52.3333,52.3333,37.0000,13.1111,15.1950,15.1950
Bi1Nb3,2.516666667,0.6678,0.01427,0.00284,0.29781,5.3053,10.8470,44.9618,150.9434,121.9249,116.0740,43.5278,58.0370,50.2615,1.5600,1.6000,0.1600,0.0600,0.0800,0.0693,7.0240,6.8915,0.5300,0.1988,0.2650,0.2295,1.8100,1.7050,0.4200,0.1575,0.2100,0.1819,0.9195,0.9063,0.0530,0.0199,0.0265,0.0229,31.0000,42.5000,46.0000,17.2500,23.0000,19.9186
Re1,2.581333333,0.7692,0.01409,0.00493,0.45511,3.3139,21.2619,8.7578,186.2070,186.2070,0.0000,0.0000,0.0000,0.0000,1.5100,1.5100,0.0000,0.0000,0.0000,0.0000,7.8800,7.8800,0.0000,0.0000,0.0000,0.0000,1.9000,1.9000,0.0000,0.0000,0.0000,0.0000,0.1500,0.1500,0.0000,0.0000,0.0000,0.0000,48.0000,48.0000,0.0000,0.0000,0.0000,0.0000
Hf1In1Pd2,2.63,0.7254,0.00722,0.00200,0.38171,4.5979,12.2280,41.3925,133.2413,126.5360,72.0660,25.9750,32.1760,30.1887,1.5200,1.4875,0.3600,0.1313,0.1631,0.1520,6.9827,7.3213,2.5510,1.0158,1.0474,1.0801,1.7600,1.8700,0.9000,0.3300,0.3677,0.3711,0.2857,0.3535,0.5570,0.2035,0.2276,0.2295,59.0000,62.2500,59.0000,19.6250,25.7811,23.0258
Nb3Rh1,2.742333333,0.6014,0.01728,0.00226,0.21752,5.1045,9.5291,40.0483,97.9059,95.4062,9.9991,3.7497,4.9996,4.3298,1.5300,1.5850,0.2200,0.0825,0.1100,0.0953,7.1090,6.9340,0.7000,0.2625,0.3500,0.3031,1.9400,1.7700,0.6800,0.2550,0.3400,0.2944,1.0150,0.9540,0.2440,0.0915,0.1220,0.1057,102.0000,78.0000,96.0000,36.0000,48.0000,41.5692
Ga1Ni2Zr1,2.87,1.3235,0.00517,0.01587,2.31831,4.2653,8.4233,33.0433,73.2128,69.5830,32.5286,10.8896,13.5071,13.2800,1.4033,1.3625,0.5300,0.1938,0.2453,0.2239,6.7577,6.9783,1.6410,0.6618,0.6756,0.6988,1.6833,1.7400,0.5800,0.2050,0.2532,0.2402,0.6273,0.7595,0.8560,0.3965,0.3773,0.3990,47.5667,58.4250,68.3000,32.5750,30.8195,32.6511
N1Ni3Zn1,3,1.6983,0.01064,0.08853,4.89828,3.7095,8.3108,30.7392,46.0267,51.0934,51.3733,14.8347,22.8055,18.7233,1.0567,1.1300,0.5300,0.1680,0.2453,0.2101,10.5227,9.3696,6.8940,2.0755,2.9254,2.6701,2.2000,2.0840,1.3900,0.3824,0.6034,0.4885,0.3853,0.6936,1.1560,0.5549,0.5449,0.5663,69.0086,77.8052,115.9742,31.1117,49.8345,40.0769
B1Hf1,3.1,0.4486,0.02589,0.00105,0.09028,3.3866,11.4454,16.5394,94.6485,94.6485,167.6750,83.8375,83.8375,83.8375,1.2950,1.2950,0.9100,0.4550,0.4550,0.4550,7.5615,7.5615,1.4730,0.7365,0.7365,0.7365,1.6700,1.6700,0.7400,0.3700,0.3700,0.3700,0.1385,0.1385,0.2770,0.1385,0.1385,0.1385,25.0000,25.0000,4.0000,2.0000,2.0000,2.0000
Pt0.25V0.75,3.1025,1.0002,0.02151,0.02153,1.00060,4.7462,10.8070,32.1930,123.0128,86.9771,144.1425,54.0534,72.0713,62.4155,1.4450,1.4875,0.1700,0.0638,0.0850,0.0736,7.8524,7.2992,2.2128,0.8298,1.1064,0.9582,1.9550,1.7925,0.6500,0.2438,0.3250,0.2815,1.3265,0.9258,1.6030,0.6011,0.8015,0.6941,51.3500,41.0250,41.3000,15.4875,20.6500,17.8834
C2Y1,3.15,0.5791,0.02259,0.00254,0.19421,4.0017,4.6459,24.3069,50.4583,37.6424,76.8951,34.1756,38.4476,36.2487,1.3150,1.1200,1.1700,0.5200,0.5850,0.5515,8.7385,9.5790,5.0430,2.2413,2.5215,2.3773,1.8850,2.1067,1.3300,0.5911,0.6650,0.6270,0.7850,0.9443,0.9560,0.4249,0.4780,0.4507,78.6000,99.0667,122.8000,54.5778,61.4000,57.8885
Pb1Pd2Y1,3.215,0.5340,0.00645,0.00052,0.15227,4.7907,10.8699,46.8215,134.1753,127.2365,118.2942,39.9818,52.1290,46.7174,1.5833,1.5350,0.5100,0.1825,0.2257,0.2127,7.3237,7.5770,2.1200,0.7600,0.8680,0.8704,1.9167,1.9875,1.1100,0.3838,0.4955,0.4463,0.4080,0.4453,0.2500,0.1118,0.1076,0.1133,41.4000,49.0500,54.8000,22.9500,22.8251,23.7972
In1Sb1,3.32,1.3184,0.00616,0.01863,2.29161,4.2665,7.1536,33.0710,118.2890,118.2890,6.9420,3.4710,3.4710,3.4710,1.4050,1.4050,0.0300,0.0150,0.0150,0.0150,7.2130,7.2130,2.8540,1.4270,1.4270,1.4270,1.9150,1.9150,0.2700,0.1350,0.1350,0.1350,0.6850,0.6850,0.7700,0.3850,0.3850,0.3850,53.0000,53.0000,58.0000,29.0000,29.0000,29.0000
Bi2K1,3.575,0.9125,0.00507,0.00352,0.75980,6.6581,7.2731,62.8427,124.0394,152.3530,169.8821,75.5032,84.9411,80.0832,1.7550,1.6633,0.5500,0.2444,0.2750,0.2593,5.8150,6.3063,2.9480,1.3102,1.4740,1.3897,1.4200,1.6200,1.2000,0.5333,0.6000,0.5657,0.7235,0.7977,0.4450,0.1978,0.2225,0.2098,54.0000,38.6667,92.0000,40.8889,46.0000,43.3692
Al1Hf1Pd2,3.6216666665,1.4239,0.00411,0.01690,2.88694,4.4901,10.8515,38.5486,103.9625,104.5769,151.5045,38.7977,61.8758,53.5966,1.4500,1.4350,0.5400,0.1575,0.2245,0.1962,7.0493,7.3713,2.3510,0.9658,0.9728,1.0103,1.7033,1.8275,0.9000,0.3725,0.3733,0.3883,0.3327,0.3888,0.5570,0.1944,0.2400,0.2294,110.0000,100.5000,212.0000,67.2500,90.6238,80.1888
Hg0.5In0.5,3.81,1.9295,0.00237,0.03287,7.18347,4.8163,10.6795,29.5342,157.7050,157.7050,85.7740,42.8870,42.8870,42.8870,1.3700,1.3700,0.1000,0.0500,0.0500,0.0500,8.1120,8.1120,4.6520,2.3260,2.3260,2.3260,1.8900,1.8900,0.2200,0.1100,0.1100,0.1100,0.1500,0.1500,0.3000,0.1500,0.1500,0.1500,45.1500,45.1500,73.7000,36.8500,36.8500,36.8500
C1W2,3.835,0.6929,0.01904,0.00439,0.33267,3.5661,17.0912,22.2155,97.9254,126.5636,171.8293,76.3686,85.9147,81.0011,1.1750,1.3233,0.8900,0.3956,0.4450,0.4196,9.6200,9.0733,3.2800,1.4578,1.6400,1.5462,2.4550,2.4233,0.1900,0.0844,0.0950,0.0896,1.0390,0.9643,0.4480,0.1991,0.2240,0.2112,157.0000,162.6667,34.0000,15.1111,17.0000,16.0278
C1Ga1Mo2,3.9,0.8335,0.01777,0.00857,0.57905,6.3760,8.7374,31.3174,59.2279,68.4084,83.9393,28.1989,35.0624,34.2765,1.1633,1.2575,0.8100,0.2825,0.3331,0.3314,8.1170,7.8608,5.2610,1.6996,2.2668,2.0126,2.1733,2.1700,0.7400,0.1900,0.3023,0.2618,0.7697,0.7638,0.9630,0.2496,0.3935,0.3409,102.6667,111.7500,111.0000,41.3750,52.0918,47.7775
Ba1Ge3,4,1.1580,0.00988,0.01777,1.55284,6.1683,6.0486,58.7268,104.9785,88.8043,64.6970,24.2614,32.3485,28.0146,1.6750,1.4375,0.9500,0.3563,0.4750,0.4114,6.5560,7.2280,2.6880,1.0080,1.3440,1.1639,1.4500,1.7300,1.1200,0.4200,0.5600,0.4850,0.6750,1.0125,1.3500,0.5063,0.6750,0.5846,39.0000,49.5000,42.0000,15.7500,21.0000,18.1865
Bi2Rb1,4.25,0.4785,0.00603,0.00032,0.10956,6.7198,7.7924,64.6050,147.2241,167.8095,123.5126,54.8945,61.7563,58.2244,1.8400,1.7200,0.7200,0.3200,0.3600,0.3394,5.7330,6.2517,3.1120,1.3831,1.5560,1.4670,1.4200,1.6200,1.2000,0.5333,0.6000,0.5657,0.7070,0.7867,0.4780,0.2124,0.2390,0.2253,33.0000,24.6667,50.0000,22.2222,25.0000,23.5702
Ba1Sn3,4.3,0.4399,0.00874,0.00033,0.08513,6.6233,6.6747,73.9292,128.0185,123.3643,18.6170,6.9814,9.3085,8.0614,1.7700,1.5800,0.7600,0.2850,0.3800,0.3291,6.2780,6.8110,2.1320,0.7995,1.0660,0.9232,1.4250,1.6925,1.0700,0.4013,0.5350,0.4633,0.6000,0.9000,1.2000,0.4500,0.6000,0.5196,42.3000,54.4500,48.6000,18.2250,24.3000,21.0444
Rh1Se2,4.35,0.7958,0.01418,0.00569,0.50398,5.9857,8.0789,32.2874,90.9383,86.9492,23.9345,10.6376,11.9673,11.2828,1.3100,1.2733,0.2200,0.0978,0.1100,0.1037,8.6055,8.9877,2.2930,1.0191,1.1465,1.0809,2.4150,2.4600,0.2700,0.1200,0.1350,0.1273,1.5790,1.7263,0.8840,0.3929,0.4420,0.4167,75.2600,50.3467,149.4800,66.4356,74.7400,70.4655
Al1Au2Sc1,4.4,0.9549,0.00495,0.00411,0.87071,4.5944,11.2807,41.2981,118.9512,138.4550,169.9850,58.5115,70.0941,69.4700,1.6700,1.5925,1.2300,0.4238,0.5479,0.4931,6.3687,7.0830,5.3320,2.1430,2.1935,2.2670,1.6467,1.8700,1.7500,0.6700,0.7149,0.7300,1.0740,1.3828,1.8680,0.9263,0.8734,0.9263,190.3333,222.7500,304.0000,103.3750,128.0634,124.3088
B2Nb1,4.5975,0.7295,0.03059,0.00866,0.38822,3.1603,6.9655,16.4419,51.8587,38.1761,82.0954,36.4868,41.0477,38.7001,1.2400,1.1067,0.8000,0.3556,0.4000,0.3771,7.5285,7.7850,1.5390,0.6840,0.7695,0.7255,1.8200,1.8933,0.4400,0.1956,0.2200,0.2074,0.5850,0.4823,0.6160,0.2738,0.3080,0.2904,40.5000,36.0000,27.0000,12.0000,13.5000,12.7279
Pb3Y1,4.72,1.0231,0.00613,0.00672,1.07091,4.7994,10.6725,66.5736,148.0529,177.6265,118.2942,44.3603,59.1471,51.2229,1.6800,1.5700,0.4400,0.1650,0.2200,0.1905,6.8170,7.1170,1.2000,0.4500,0.6000,0.5196,1.7750,2.0525,1.1100,0.4163,0.5550,0.4806,0.3335,0.3468,0.0530,0.0199,0.0265,0.0229,26.1000,30.5500,17.8000,6.6750,8.9000,7.7076
Bi2Cs1,4.75,0.5253,0.00596,0.00045,0.14495,6.7917,8.2586,66.7019,170.9429,183.6221,76.0749,33.8111,38.0375,35.8621,1.9600,1.8000,0.9600,0.4267,0.4800,0.4525,5.5915,6.1573,3.3950,1.5089,1.6975,1.6004,1.4050,1.6100,1.2300,0.5467,0.6150,0.5798,0.7090,0.7880,0.4740,0.2107,0.2370,0.2234,22.0000,17.3333,28.0000,12.4444,14.0000,13.1993
Al1Si1Sr1,4.75,0.8943,0.01155,0.00739,0.71524,4.3729,3.2804,43.4965,47.5623,47.5623,60.6385,26.7051,28.3286,28.3286,1.4233,1.4233,0.8400,0.3511,0.3746,0.3746,6.6110,6.6110,2.4570,1.0273,1.0961,1.0961,1.4867,1.4867,0.9500,0.3578,0.3975,0.3975,0.6087,0.6087,1.3850,0.5176,0.5777,0.5777,140.0000,140.0000,200.0000,70.0000,81.9553,81.9553
Pd2Sn1Y1,4.81444444433333,1.0615,0.00486,0.00617,1.19608,4.7291,9.3355,45.0386,104.6786,105.1140,29.8042,8.1041,12.2296,10.6180,1.5600,1.5175,0.5100,0.1913,0.2404,0.2208,7.2993,7.5588,2.1200,0.7783,0.8661,0.8743,1.7933,1.8950,0.9800,0.3375,0.4171,0.4018,0.6880,0.6553,0.8930,0.2724,0.3761,0.3307,51.9333,56.9500,54.8000,19.8750,24.6589,23.0553
Br2C2Y2,5.05,0.7755,0.01463,0.00529,0.46639,6.0064,4.6424,38.9496,60.2735,60.2735,76.8951,32.1752,34.3243,34.3243,1.2767,1.2767,1.1700,0.4156,0.4807,0.4807,9.7637,9.7637,5.5970,2.3644,2.5180,2.5180,2.2433,2.2433,1.7400,0.6822,0.7427,0.7427,1.6450,1.6450,3.0580,1.1467,1.2773,1.2773,52.4400,52.4400,139.8800,58.3733,62.3057,62.3057
Ir1Mo1,5.325,0.5539,0.01886,0.00178,0.16994,3.9825,16.4981,17.4667,144.0835,144.0835,96.2670,48.1335,48.1335,48.1335,1.4750,1.4750,0.1300,0.0650,0.0650,0.0650,8.0960,8.0960,2.0080,1.0040,1.0040,1.0040,2.1800,2.1800,0.0400,0.0200,0.0200,0.0200,1.1555,1.1555,0.8190,0.4095,0.4095,0.4095,144.5000,144.5000,11.0000,5.5000,5.5000,5.5000
N1Ti1,5.3875,0.6890,0.03363,0.00758,0.32708,2.9712,5.5398,11.1690,30.9369,30.9369,33.8603,16.9301,16.9301,16.9301,1.1550,1.1550,0.8900,0.4450,0.4450,0.4450,10.6810,10.6810,7.7060,3.8530,3.8530,3.8530,2.2900,2.2900,1.5000,0.7500,0.7500,0.7500,0.0395,0.0395,0.0790,0.0395,0.0395,0.0395,10.9629,10.9629,21.8742,10.9371,10.9371,10.9371
Ga1,5.527454545,1.3173,0.00622,0.01874,2.28588,3.8879,6.4753,10.7676,69.7230,69.7230,0.0000,0.0000,0.0000,0.0000,1.2200,1.2200,0.0000,0.0000,0.0000,0.0000,5.9990,5.9990,0.0000,0.0000,0.0000,0.0000,1.8100,1.8100,0.0000,0.0000,0.0000,0.0000,0.3000,0.3000,0.0000,0.0000,0.0000,0.0000,29.0000,29.0000,0.0000,0.0000,0.0000,0.0000
B6Y1,5.692857143,1.6502,0.00514,0.03812,4.49376,4.0742,3.7755,40.7276,49.8584,21.9674,78.0948,19.1253,39.0474,27.3275,1.3700,0.9914,1.0600,0.2596,0.5300,0.3709,7.2575,8.0007,2.0810,0.5096,1.0405,0.7282,1.6300,1.9229,0.8200,0.2008,0.4100,0.2869,0.2920,0.2813,0.0300,0.0073,0.0150,0.0105,22.1000,25.6000,9.8000,2.4000,4.9000,3.4293
Bi3Sr1,5.7,0.8233,0.00553,0.00254,0.55805,4.9840,9.5842,74.5560,148.3002,178.6403,121.3604,45.5102,60.6802,52.5506,1.7150,1.5975,0.4700,0.1763,0.2350,0.2035,6.4920,6.8905,1.5940,0.5978,0.7970,0.6902,1.4850,1.7525,1.0700,0.4013,0.5350,0.4633,0.4730,0.7095,0.9460,0.3548,0.4730,0.4096,21.5000,14.7500,27.0000,10.1250,13.5000,11.6913
Ba1Bi3,5.745,1.3453,0.00397,0.01301,2.43477,5.0658,9.7625,78.2858,173.1537,191.0671,71.6534,26.8700,35.8267,31.0268,1.8150,1.6475,0.6700,0.2513,0.3350,0.2901,6.2505,6.7698,2.0770,0.7789,1.0385,0.8994,1.4550,1.7375,1.1300,0.4238,0.5650,0.4893,0.4730,0.7095,0.9460,0.3548,0.4730,0.4096,13.0000,10.5000,10.0000,3.7500,5.0000,4.3301
Nb1S2,5.821818182,1.7028,0.01357,0.11410,4.93732,6.0954,4.7379,33.1429,62.4862,52.3461,60.8404,27.0402,30.4202,28.6804,1.3450,1.2467,0.5900,0.2622,0.2950,0.2781,8.5595,9.1597,3.6010,1.6004,1.8005,1.6975,2.0900,2.2533,0.9800,0.4356,0.4900,0.4620,1.4850,1.6823,1.1840,0.5262,0.5920,0.5581,27.1025,18.1367,53.7950,23.9089,26.8975,25.3592
C1Mo2,6.021666667,0.4653,0.02562,0.00120,0.10074,3.5608,9.2082,22.1445,53.9804,67.9702,83.9393,37.3064,41.9697,39.5694,1.1350,1.2700,0.8100,0.3600,0.4050,0.3818,9.1760,8.4813,4.1680,1.8524,2.0840,1.9648,2.3550,2.2900,0.3900,0.1733,0.1950,0.1838,1.0045,0.9183,0.5170,0.2298,0.2585,0.2437,139.5000,139.3333,1.0000,0.4444,0.5000,0.4714
Rh2Sr1,6.2,1.0546,0.00679,0.00839,1.17291,5.3855,8.8231,33.2570,95.2628,97.8103,15.2855,6.7936,7.6428,7.2057,1.6850,1.5967,0.5300,0.2356,0.2650,0.2498,6.5770,6.8710,1.7640,0.7840,0.8820,0.8316,1.6150,1.8367,1.3300,0.5911,0.6650,0.6270,0.5685,0.7580,1.1370,0.5053,0.5685,0.5360,92.5000,111.6667,115.0000,51.1111,57.5000,54.2115
Pb1,6.4701,0.8895,0.00515,0.00323,0.70378,6.3766,11.1854,18.5242,207.2000,207.2000,0.0000,0.0000,0.0000,0.0000,1.4600,1.4600,0.0000,0.0000,0.0000,0.0000,7.4170,7.4170,0.0000,0.0000,0.0000,0.0000,2.3300,2.3300,0.0000,0.0000,0.0000,0.0000,0.3600,0.3600,0.0000,0.0000,0.0000,0.0000,35.0000,35.0000,0.0000,0.0000,0.0000,0.0000
Sn1Ta3,6.6925,1.8587,0.00775,0.09254,6.42137,5.2589,15.1063,43.7931,149.8289,165.3884,62.2379,23.3392,31.1189,26.9498,1.5450,1.6225,0.3100,0.1163,0.1550,0.1342,7.6170,7.7535,0.5460,0.2048,0.2730,0.2364,1.7300,1.6150,0.4600,0.1725,0.2300,0.1992,0.7610,0.5415,0.8780,0.3293,0.4390,0.3802,61.8000,59.4000,9.6000,3.6000,4.8000,4.1569
Ag1B2,6.7,0.6849,0.01870,0.00411,0.32128,3.3193,6.9625,18.5978,59.3396,43.1634,97.0572,43.1365,48.5286,45.7532,1.1450,1.0433,0.6100,0.2711,0.3050,0.2876,7.9370,8.0573,0.7220,0.3209,0.3610,0.3404,1.9850,2.0033,0.1100,0.0489,0.0550,0.0519,0.7895,0.6187,1.0250,0.4556,0.5125,0.4832,228.5000,161.3333,403.0000,179.1111,201.5000,189.9760
Nb1Se2,6.814619048,2.3222,0.00943,0.27422,12.52273,6.3775,6.6983,37.4494,85.9387,83.6161,13.9354,6.1935,6.9677,6.5692,1.4200,1.3467,0.4400,0.1956,0.2200,0.2074,8.2555,8.7543,2.9930,1.3302,1.4965,1.4109,2.0750,2.2333,0.9500,0.4222,0.4750,0.4478,1.4570,1.6450,1.1280,0.5013,0.5640,0.5317,27.2600,18.3467,53.4800,23.7689,26.7400,25.2107
Li1Pb1,7.2,0.7639,0.00615,0.00209,0.44577,3.5072,8.2426,25.9796,107.0705,107.0705,200.2590,100.1295,100.1295,100.1295,1.3700,1.3700,0.1800,0.0900,0.0900,0.0900,6.4045,6.4045,2.0250,1.0125,1.0125,1.0125,1.6550,1.6550,1.3500,0.6750,0.6750,0.6750,0.4890,0.4890,0.2580,0.1290,0.1290,0.1290,60.0000,60.0000,50.0000,25.0000,25.0000,25.0000
Tc1,7.794166667,1.1769,0.01412,0.02708,1.63012,3.2613,11.6911,8.3745,98.0000,98.0000,0.0000,0.0000,0.0000,0.0000,1.4700,1.4700,0.0000,0.0000,0.0000,0.0000,7.2800,7.2800,0.0000,0.0000,0.0000,0.0000,1.9000,1.9000,0.0000,0.0000,0.0000,0.0000,0.5500,0.5500,0.0000,0.0000,0.0000,0.0000,51.0000,51.0000,0.0000,0.0000,0.0000,0.0000
P1Ru1Zr1,8.496153846,1.2653,0.01317,0.03376,2.02573,5.5275,8.2949,26.9161,74.4219,74.4219,70.0962,28.9654,30.9844,30.9844,1.4267,1.4267,0.6800,0.2378,0.2786,0.2786,8.1607,8.1607,3.8530,1.5509,1.6715,1.6715,1.9067,1.9067,0.8700,0.3844,0.4078,0.4078,0.7407,0.7407,0.6240,0.2098,0.2548,0.2548,47.6453,47.6453,119.7640,48.2364,51.9779,51.9779
C1Ta1,8.6375,0.7173,0.02320,0.00614,0.36906,3.1369,14.6800,13.1443,96.4793,96.4793,168.9372,84.4686,84.4686,84.4686,1.2150,1.2150,0.9700,0.4850,0.4850,0.4850,9.5750,9.5750,3.3700,1.6850,1.6850,1.6850,2.0250,2.0250,1.0500,0.5250,0.5250,0.5250,0.7925,0.7925,0.9410,0.4705,0.4705,0.4705,98.5000,98.5000,83.0000,41.5000,41.5000,41.5000
Hf1N1,8.83,0.7667,0.02443,0.00844,0.45069,3.1791,14.0696,13.6818,96.2464,96.2464,164.4793,82.2396,82.2396,82.2396,1.2300,1.2300,1.0400,0.5200,0.5200,0.5200,10.6795,10.6795,7.7090,3.8545,3.8545,3.8545,2.1700,2.1700,1.7400,0.8700,0.8700,0.8700,0.0000,0.0000,0.0000,0.0000,0.0000,0.0000,11.5129,11.5129,22.9742,11.4871,11.4871,11.4871
N1Zr1,9.85,0.7134,0.03017,0.00781,0.36308,3.2166,7.4253,14.1720,52.6144,52.6144,77.2153,38.6076,38.6076,38.6076,1.2300,1.2300,1.0400,0.5200,0.5200,0.5200,10.5840,10.5840,7.9000,3.9500,3.9500,3.9500,2.1850,2.1850,1.7100,0.8550,0.8550,0.8550,0.2130,0.2130,0.4260,0.2130,0.2130,0.2130,11.3629,11.3629,22.6742,11.3371,11.3371,11.3371
C2I2Y2,9.9175,1.6399,0.00648,0.04686,4.41014,6.2161,5.2350,43.5191,75.9403,75.9403,114.8938,42.6198,47.7928,47.7928,1.3400,1.3400,1.1700,0.4067,0.4790,0.4790,9.3093,9.3093,5.0430,2.0616,2.2114,2.2114,2.1433,2.1433,1.4400,0.6156,0.6544,0.6544,1.5430,1.5430,2.7520,1.0107,1.1408,1.1408,52.5497,52.5497,139.5510,58.3002,62.2137,62.2137
C1Mo1,10.152,1.3624,0.01589,0.05475,2.52880,5.5354,8.7412,12.3509,53.9804,53.9804,83.9393,41.9697,41.9697,41.9697,1.1350,1.1350,0.8100,0.4050,0.4050,0.4050,9.1760,9.1760,4.1680,2.0840,2.0840,2.0840,2.3550,2.3550,0.3900,0.1950,0.1950,0.1950,1.0045,1.0045,0.5170,0.2585,0.2585,0.2585,139.5000,139.5000,1.0000,0.5000,0.5000,0.5000
Mo3Os1,11.0225,1.3553,0.01427,0.04815,2.48947,4.9421,13.1535,36.3462,143.0900,119.5200,94.2800,35.3550,47.1400,40.8244,1.4900,1.5150,0.1000,0.0375,0.0500,0.0433,7.8960,7.4940,1.6080,0.6030,0.8040,0.6963,2.1800,2.1700,0.0400,0.0150,0.0200,0.0173,0.9230,0.8345,0.3540,0.1328,0.1770,0.1533,113.5000,126.2500,51.0000,19.1250,25.5000,22.0836
C6Ca,11.303,0.7565,0.03028,0.00992,0.43294,5.0750,2.5989,43.1504,26.0444,16.0203,28.0673,6.8736,14.0337,9.8215,1.2450,0.8771,1.0300,0.2522,0.5150,0.3604,8.6865,10.5247,5.1470,1.2605,2.5735,1.8011,1.7750,2.3286,1.5500,0.3796,0.7750,0.5424,0.6315,1.0826,1.2630,0.3093,0.6315,0.4420,170.0000,148.5714,60.0000,14.6939,30.0000,20.9956
Nb3Sn1,16.709,2.4058,0.01037,0.34751,13.92447,5.2577,9.0812,43.7641,105.8082,99.3573,25.8036,9.6764,12.9018,11.1733,1.5150,1.5775,0.2500,0.0938,0.1250,0.1083,7.0515,6.9053,0.5850,0.2194,0.2925,0.2533,1.7800,1.6900,0.3600,0.1350,0.1800,0.1559,1.0465,0.9698,0.3070,0.1151,0.1535,0.1329,60.3000,57.1500,12.6000,4.7250,6.3000,5.4560
B2Mg0.98,38.4,0.6136,0.06084,0.00862,0.23102,3.2074,2.6844,17.1080,17.5580,15.3090,13.4940,5.9973,6.7470,6.3611,1.1250,1.0300,0.5700,0.2533,0.2850,0.2687,7.9720,8.0807,0.6520,0.2898,0.3260,0.3074,1.6750,1.7967,0.7300,0.3244,0.3650,0.3441,0.1385,0.1847,0.2770,0.1231,0.1385,0.1306,93.5000,71.3333,133.0000,59.1111,66.5000,62.6968
