3dsc_formula,Tc_exp (K),L_avg (AA),bulk_mod (GPa),density (g / cm^3),V_molar (cm^3 / mol),w_log (K),lambda,lambda4w_low (K),lambda3,mean_at_mass (g / mol),wtd_mean_at_mass (g / mol),range_at_mass (g / mol),wtd_range_at_mass (g / mol),std_at_mass (g / mol),wtd_std_at_mass (g / mol),mean_at_rad (AA),wtd_mean_at_rad (AA),range_at_rad (AA),wtd_range_at_rad (AA),std_at_rad (AA),wtd_std_at_rad (AA),mean_IP (eV),wtd_mean_IP (eV),range_IP (eV),wtd_range_IP (eV),std_IP (eV),wtd_std_IP (eV),mean_EA (eV),wtd_mean_EA (eV),range_EA (eV),wtd_range_EA (eV),std_EA (eV),wtd_std_EA (eV),mean_PE,wtd_mean_PE,range_PE,wtd_range_PE,std_PE,wtd_std_PE,mean_ThermalCond (W / m K),wtd_mean_ThermalCond (W / m K),range_ThermalCond (W / m K),wtd_range_ThermalCond (W / m K),std_ThermalCond (W / m K),wtd_std_ThermalCond (W / m K)
Rh1V3,0.19,4.750,218.700,7.91000,32.32996,302.2131,0.4687,14.585,0.103,76.9235,63.9325,51.9640,12.4798,25.9820,20.5406,1.4750,1.5025,0.1100,0.7925,0.0550,0.0435,7.1025,6.9243,0.7130,3.1948,0.3565,0.2818,0.8310,0.6780,0.6120,0.1095,0.3060,0.2419,1.9550,1.7925,0.6500,0.6525,0.3250,0.2569,90.5000,60.7500,119.0000,14.2500,59.5000,47.0389
B1Mo1,0.25,4.913,305.620,8.59000,12.42841,352.4633,0.5198,25.731,0.140,53.3780,53.3780,85.1440,42.5720,42.5720,42.5720,1.1900,1.1900,0.7000,0.3500,0.3500,0.3500,7.6950,7.6950,1.2060,0.6030,0.6030,0.6030,0.5115,0.5115,0.4690,0.2345,0.2345,0.2345,2.1000,2.1000,0.1200,0.0600,0.0600,0.0600,83.0000,83.0000,112.0000,56.0000,56.0000,56.0000
Cr3Ir1,0.256,4.610,279.330,11.77000,29.58437,111.5396,1.5334,616.667,3.606,122.1066,87.0513,140.2209,9.0572,70.1105,55.4272,1.4000,1.3950,0.0200,0.6900,0.0100,0.0079,7.9335,7.3503,2.3330,2.8003,1.1665,0.9222,1.1155,0.8908,0.8990,0.1083,0.4495,0.3554,1.9300,1.7950,0.5400,0.6950,0.2700,0.2135,122.0000,108.0000,56.0000,33.0000,28.0000,22.1359
Al1Os1,0.39,3.000,233.700,13.39000,16.21968,176.4093,0.5475,15.851,0.164,108.6058,108.6058,163.2485,81.6242,81.6242,81.6242,1.3250,1.3250,0.2300,0.1150,0.1150,0.1150,7.3430,7.3430,2.7140,1.3570,1.3570,1.3570,0.7705,0.7705,0.6590,0.3295,0.3295,0.3295,1.9050,1.9050,0.5900,0.2950,0.2950,0.2950,161.0000,161.0000,148.0000,74.0000,74.0000,74.0000
Al1Mo3,0.58,4.950,223.470,8.61000,36.56580,296.2632,0.3386,3.894,0.039,61.4658,78.7079,68.9685,65.2171,34.4842,27.2622,1.3750,1.4575,0.3300,0.8525,0.1650,0.1304,6.5390,6.8155,1.1060,3.8225,0.5530,0.4372,0.5935,0.6698,0.3050,0.4493,0.1525,0.1206,1.8850,2.0225,0.5500,1.2175,0.2750,0.2174,187.0000,163.0000,96.0000,45.5000,48.0000,37.9473
Sb1V3,0.65,4.910,172.270,7.71000,35.61407,140.1357,0.8211,63.699,0.554,86.3508,68.6461,70.8185,7.7661,35.4093,27.9935,1.4600,1.4950,0.1400,0.8000,0.0700,0.0553,7.6930,7.2195,1.8940,2.8995,0.9470,0.7487,0.7975,0.6613,0.5450,0.1263,0.2725,0.2154,1.8400,1.7350,0.4200,0.7100,0.2100,0.1660,27.5000,29.2500,7.0000,17.2500,3.5000,2.7670
Nb3Os1,0.663333333,5.170,229.570,11.26000,41.64468,190.613,0.5821,21.885,0.197,141.5682,117.2373,97.3236,22.1223,48.6618,38.4705,1.5400,1.5900,0.2000,0.8700,0.1000,0.0791,7.7295,7.2443,1.9410,2.8943,0.9705,0.7672,0.9965,0.9448,0.2070,0.3948,0.1035,0.0818,1.9000,1.7500,0.6000,0.6500,0.3000,0.2372,70.5000,62.2500,33.0000,18.7500,16.5000,13.0444
Ti1O1,0.72,2.813,245.180,5.49000,11.63315,547.1528,0.1241,0.130,0.002,31.9332,31.9332,31.8676,15.9338,15.9338,15.9338,1.1300,1.1300,0.9400,0.4700,0.4700,0.4700,10.2230,10.2230,6.7900,3.3950,3.3950,3.3950,0.7700,0.7700,1.3820,0.6910,0.6910,0.6910,2.4900,2.4900,1.9000,0.9500,0.9500,0.9500,11.0133,11.0133,21.9734,10.9867,10.9867,10.9867
Ga1Mo3,0.76,4.950,230.400,9.82000,36.41273,270.9764,0.4083,7.531,0.068,82.8365,89.3933,26.2270,54.5318,13.1135,10.3671,1.3800,1.4600,0.3200,0.8500,0.1600,0.1265,6.5455,6.8188,1.0930,3.8193,0.5465,0.4320,0.5230,0.6345,0.4460,0.4845,0.2230,0.1763,1.9850,2.0725,0.3500,1.1675,0.1750,0.1383,84.0000,111.5000,110.0000,97.0000,55.0000,43.4813
B2Ru1,0.8,3.853,284.180,7.56000,16.23280,370.6836,0.3731,7.183,0.052,55.9380,40.8940,90.2640,26.4860,45.1320,38.8434,1.1500,1.0467,0.6200,0.0733,0.3100,0.2668,7.8295,7.9857,0.9370,3.0783,0.4685,0.4032,0.6635,0.5347,0.7730,0.1653,0.3865,0.3326,2.1200,2.0933,0.1600,0.6267,0.0800,0.0689,73.5000,58.0000,93.0000,22.0000,46.5000,40.0208
La1Se1,1.02,6.100,37.100,6.37000,34.20338,116.2623,0.3677,2.125,0.050,108.9382,108.9382,59.9345,29.9672,29.9672,29.9672,1.6350,1.6350,0.8700,0.4350,0.4350,0.4350,7.6645,7.6645,4.1750,2.0875,2.0875,2.0875,1.2605,1.2605,1.5210,0.7605,0.7605,0.7605,1.8250,1.8250,1.4500,0.7250,0.7250,0.7250,6.7600,6.7600,12.4800,6.2400,6.2400,6.2400
Al1Nb1Ni2,1.075,5.960,182.970,7.44000,31.89165,156.155,0.7237,42.834,0.379,59.5271,59.3187,65.9248,22.6013,26.9202,23.3142,1.3633,1.3325,0.4300,0.3175,0.1960,0.1718,6.7950,7.0063,1.6540,2.3235,0.6757,0.6131,0.8300,0.9115,0.7150,0.4678,0.2953,0.2653,1.7067,1.7575,0.3100,0.5550,0.1438,0.1321,126.6667,117.7500,181.0000,45.2500,78.0783,68.0573
Co1Si2,1.306666667,5.310,171.370,5.10000,22.56925,342.3375,0.328,3.962,0.035,43.5096,38.3684,30.8472,0.9204,15.4236,13.2745,1.1850,1.1600,0.1500,0.3200,0.0750,0.0646,8.0165,8.0617,0.2710,2.8077,0.1355,0.1166,1.0230,1.1437,0.7240,0.7030,0.3620,0.3116,1.8900,1.8933,0.0200,0.6400,0.0100,0.0086,125.0000,133.3333,50.0000,66.6667,25.0000,21.5166
Nb1O1,1.38,4.250,248.030,7.07000,15.40387,322.0491,0.4618,14.647,0.098,54.4529,54.4529,76.9070,38.4535,38.4535,38.4535,1.1500,1.1500,0.9800,0.4900,0.4900,0.4900,10.1885,10.1885,6.8590,3.4295,3.4295,3.4295,1.1770,1.1770,0.5680,0.2840,0.2840,0.2840,2.5200,2.5200,1.8400,0.9200,0.9200,0.9200,27.0133,27.0133,53.9734,26.9867,26.9867,26.9867
Cr1,1.55,2.970,262.330,6.60000,7.87818,355.7263,0.4494,14.509,0.091,51.9961,51.9961,0.0000,0.0000,0.0000,0.0000,1.3900,1.3900,0.0000,0.0000,0.0000,0.0000,6.7670,6.7670,0.0000,0.0000,0.0000,0.0000,0.6660,0.6660,0.0000,0.0000,0.0000,0.0000,1.6600,1.6600,0.0000,0.0000,0.0000,0.0000,94.0000,94.0000,0.0000,0.0000,0.0000,0.0000
Hg2Na1,1.62,4.493,26.410,9.47000,44.79089,57.6296,0.6157,8.282,0.233,111.7909,141.3913,177.6022,126.0647,88.8011,76.4278,1.4900,1.4333,0.3400,0.3267,0.1700,0.1463,7.7885,8.6717,5.2990,5.2457,2.6495,2.2803,0.2740,0.1827,0.5480,0.1827,0.2740,0.2358,1.4650,1.6433,1.0700,1.0233,0.5350,0.4605,74.1500,52.2000,131.7000,41.1333,65.8500,56.6747
Ga2Y1,1.68,4.163,80.170,6.06000,37.68182,21.961,1.1679,40.858,1.593,79.3144,76.1173,19.1828,16.8467,9.5914,8.2550,1.5600,1.4467,0.6800,0.1800,0.3400,0.2926,6.1080,6.0717,0.2180,1.9270,0.1090,0.0938,0.3035,0.3023,0.0070,0.0977,0.0035,0.0030,1.5150,1.6133,0.5900,0.8000,0.2950,0.2539,23.0000,25.0000,12.0000,13.6667,6.0000,5.1640
Be2Nb1,2.15,6.550,155.600,5.25000,21.12966,325.3372,0.4657,15.302,0.101,51.0141,37.0500,83.7845,24.8876,41.8923,36.0551,1.3000,1.1867,0.6800,0.0933,0.3400,0.2926,8.0410,8.4683,2.5640,3.9623,1.2820,1.1034,0.4465,0.2977,0.8930,0.2977,0.4465,0.3843,1.5850,1.5800,0.0300,0.5133,0.0150,0.0129,122.0000,144.6667,136.0000,108.6667,68.0000,58.5251
Ge1Mo3,2.1792,4.940,236.400,9.93000,36.30211,276.0454,0.451,11.421,0.092,84.2900,90.1200,23.3200,53.8050,11.6600,9.2180,1.3700,1.4550,0.3400,0.8550,0.1700,0.1344,7.4960,7.2940,0.8080,3.3440,0.4040,0.3194,1.0480,0.8970,0.6040,0.2220,0.3020,0.2388,2.0850,2.1225,0.1500,1.1175,0.0750,0.0593,99.5000,119.2500,79.0000,89.2500,39.5000,31.2275
B1Hf1,3.1,4.840,174.030,11.10000,17.05405,352.6874,0.401,9.119,0.064,94.6460,94.6460,167.6800,83.8400,83.8400,83.8400,1.2950,1.2950,0.9100,0.4550,0.4550,0.4550,7.5615,7.5615,1.4730,0.7365,0.7365,0.7365,0.1385,0.1385,0.2770,0.1385,0.1385,0.1385,1.6700,1.6700,0.7400,0.3700,0.3700,0.3700,25.0000,25.0000,4.0000,2.0000,2.0000,2.0000
B1Zr1,3.1,4.910,159.970,5.72000,17.83741,412.6581,0.4383,15.229,0.084,51.0140,51.0140,80.4160,40.2080,40.2080,40.2080,1.2950,1.2950,0.9100,0.4550,0.4550,0.4550,7.4660,7.4660,1.6640,0.8320,0.8320,0.8320,0.3515,0.3515,0.1490,0.0745,0.0745,0.0745,1.6850,1.6850,0.7100,0.3550,0.3550,0.3550,25.0000,25.0000,4.0000,2.0000,2.0000,2.0000
C1In1Ti2,3.1,3.140,129.780,6.14000,36.24805,254.2243,0.2601,1.164,0.018,58.2322,55.6409,102.8064,25.7016,42.6057,36.9658,1.2500,1.3375,0.8700,0.6175,0.3750,0.3335,7.9580,7.6755,5.4740,1.9675,2.3733,2.0698,0.5473,0.4303,1.1840,0.2763,0.5140,0.4566,1.9567,1.8525,1.0100,0.3250,0.4308,0.3839,81.3333,66.5000,118.0000,24.0000,48.1756,43.6542
Pt0.25V0.75,3.1025,4.790,221.930,10.53000,33.03936,195.9923,0.8066,82.961,0.525,123.0128,86.9771,144.1425,10.5649,72.0713,56.9773,1.8100,1.6700,0.5600,0.6250,0.2800,0.2214,7.8730,7.3095,2.2540,2.8095,1.1270,0.8910,1.3265,0.9258,1.6030,0.1383,0.8015,0.6336,1.9550,1.7925,0.6500,0.6525,0.3250,0.2569,51.0000,41.0000,40.0000,5.5000,20.0000,15.8114
Sn1,3.740729412,6.570,36.500,5.56000,21.35072,108.2536,0.254,0.451,0.016,118.7100,118.7100,0.0000,0.0000,0.0000,0.0000,1.3900,1.3900,0.0000,0.0000,0.0000,0.0000,7.3440,7.3440,0.0000,0.0000,0.0000,0.0000,1.2000,1.2000,0.0000,0.0000,0.0000,0.0000,1.9600,1.9600,0.0000,0.0000,0.0000,0.0000,67.0000,67.0000,0.0000,0.0000,0.0000,0.0000
B1Ta1,4.0,5.043,286.470,14.14000,13.56138,393.8795,0.2285,1.074,0.012,95.8769,95.8769,170.1419,85.0709,85.0709,85.0709,1.2700,1.2700,0.8600,0.4300,0.4300,0.4300,8.0940,8.0940,0.4080,0.2040,0.2040,0.2040,0.2995,0.2995,0.0450,0.0225,0.0225,0.0225,1.7700,1.7700,0.5400,0.2700,0.2700,0.2700,42.0000,42.0000,30.0000,15.0000,15.0000,15.0000
Sn1V3,4.4625,4.940,163.570,7.49000,36.25294,54.5096,1.7822,549.919,5.661,84.8258,67.8836,67.7685,8.5286,33.8843,26.7879,1.4600,1.4950,0.1400,0.8000,0.0700,0.0553,7.0450,6.8955,0.5980,3.2235,0.2990,0.2364,0.8625,0.6938,0.6750,0.0938,0.3375,0.2668,1.7950,1.7125,0.3300,0.7325,0.1650,0.1304,49.0000,40.0000,36.0000,6.5000,18.0000,14.2302
B2Nb1,4.5975,3.190,248.0,6.78000,16.89179,352.9657,0.7002,84.844,0.343,51.8562,38.1728,82.1004,23.7648,41.0502,35.3304,1.2400,1.1067,0.8000,0.0133,0.4000,0.3443,7.5285,7.7850,1.5390,3.2790,0.7695,0.6623,0.5850,0.4823,0.6160,0.1130,0.3080,0.2651,1.8200,1.8933,0.4400,0.8267,0.2200,0.1893,40.5000,36.0000,27.0000,0.0000,13.5000,11.6190
Al1Si1Sr1,4.75,4.427,56.830,3.17000,45.01153,148.8631,0.6361,24.372,0.257,47.5625,47.5625,60.6385,20.2128,28.3285,28.3285,1.4233,1.4233,0.8400,0.2800,0.3746,0.3746,6.6110,6.6110,2.4570,0.8190,1.0961,1.0961,0.6087,0.6087,1.3850,0.4617,0.5777,0.5777,1.4867,1.4867,0.9500,0.3167,0.3975,0.3975,140.0000,140.0000,200.0000,66.6667,81.9553,81.9553
Fe1Li1P1,4.965,4.390,83.020,3.97000,23.63067,342.5934,0.1932,0.477,0.007,31.2523,31.2523,48.9070,16.3023,19.9672,19.9672,1.2233,1.2233,0.2500,0.0833,0.1096,0.1096,7.9270,7.9270,5.0950,1.6983,2.0801,2.0801,0.5090,0.5090,0.5830,0.1943,0.2502,0.2502,1.6667,1.6667,1.2100,0.4033,0.5073,0.5073,54.7453,54.7453,84.7640,28.2547,38.6217,38.6217
Ga1Si1Sr1,5.0,4.367,52.890,4.30000,43.12279,27.0181,3.206,2854.361,32.953,61.8097,61.8097,59.5340,19.8447,24.9405,24.9405,1.4267,1.4267,0.8400,0.2800,0.3728,0.3728,6.6153,6.6153,2.4570,0.8190,1.0937,1.0937,0.5617,0.5617,1.3850,0.4617,0.5949,0.5949,1.5533,1.5533,0.9500,0.3167,0.4282,0.4282,71.3333,71.3333,121.0000,40.3333,55.6796,55.6796
Os0.5V0.5,5.15,3.020,189.900,14.59000,16.52786,181.8298,1.0299,204.572,1.092,120.5858,120.5858,139.2885,69.6443,69.6443,69.6443,1.4850,1.4850,0.0900,0.0450,0.0450,0.0450,7.7230,7.7230,1.9540,0.9770,0.9770,0.9770,0.8125,0.8125,0.5750,0.2875,0.2875,0.2875,1.9150,1.9150,0.5700,0.2850,0.2850,0.2850,59.0000,59.0000,56.0000,28.0000,28.0000,28.0000
Ir1Ti3,5.185,5.000,173.470,8.92000,37.64809,58.0914,2.0818,1091.108,9.022,120.0420,83.9545,144.3500,12.1540,72.1750,57.0593,1.5050,1.5525,0.1900,0.8475,0.0950,0.0751,7.9640,7.3960,2.2720,2.8460,1.1360,0.8981,0.8220,0.4505,1.4860,0.3320,0.7430,0.5874,1.8700,1.7050,0.6600,0.6050,0.3300,0.2609,86.0000,54.0000,128.0000,21.0000,64.0000,50.5964
Ir1Mo1,5.325,4.010,305.540,16.17000,17.82127,227.7079,0.4551,9.768,0.094,144.0835,144.0835,96.2670,48.1335,48.1335,48.1335,1.4750,1.4750,0.1300,0.0650,0.0650,0.0650,8.0960,8.0960,2.0080,1.0040,1.0040,1.0040,1.1555,1.1555,0.8190,0.4095,0.4095,0.4095,2.1800,2.1800,0.0400,0.0200,0.0200,0.0200,144.5000,144.5000,11.0000,5.5000,5.5000,5.5000
La1,5.343,6.547,27.540,6.14000,22.62305,26.981,3.2955,3182.316,35.790,138.9055,138.9055,0.0000,0.0000,0.0000,0.0000,2.0700,2.0700,0.0000,0.0000,0.0000,0.0000,5.5770,5.5770,0.0000,0.0000,0.0000,0.0000,0.5000,0.5000,0.0000,0.0000,0.0000,0.0000,1.1000,1.1000,0.0000,0.0000,0.0000,0.0000,13.0000,13.0000,0.0000,0.0000,0.0000,0.0000
N1Ti1,5.3875,4.240,285.930,5.39000,11.47941,378.7285,0.6957,88.719,0.337,30.9369,30.9369,33.8603,16.9301,16.9301,16.9301,1.1550,1.1550,0.8900,0.4450,0.4450,0.4450,10.6810,10.6810,7.7060,3.8530,3.8530,3.8530,0.0395,0.0395,0.0790,0.0395,0.0395,0.0395,2.2900,2.2900,1.5000,0.7500,0.7500,0.7500,11.0129,11.0129,21.9742,10.9871,10.9871,10.9871
B6Y1,5.692857143,4.090,174.570,3.73000,41.22409,159.215,0.6454,27.625,0.269,49.8559,21.9631,78.0998,3.4385,39.0499,25.6510,1.3700,0.9914,1.0600,0.4486,0.5300,0.3481,7.2575,8.0007,2.0810,6.2244,1.0405,0.6835,0.2920,0.2813,0.0300,0.1936,0.0150,0.0099,1.6300,1.9229,0.8200,1.5743,0.4100,0.2693,22.0000,25.5714,10.0000,20.7143,5.0000,3.2844
Nb1S2,5.821818182,4.333,52.160,4.19000,37.48123,323.5205,0.3148,3.177,0.031,62.4827,52.3415,60.8474,9.5961,30.4237,26.1845,1.3450,1.2467,0.5900,0.1533,0.2950,0.2539,8.5595,9.1597,3.6010,4.6537,1.8005,1.5496,1.4850,1.6823,1.1840,1.0870,0.5920,0.5095,2.0900,2.2533,0.9800,1.1867,0.4900,0.4217,27.1025,18.1367,53.7950,17.8633,26.8975,23.1497
Ge1V3,6.68,4.740,183.770,7.03000,32.07034,100.2512,2.1113,1992.000,9.411,61.7858,56.3636,21.6885,20.0486,10.8443,8.5731,1.3650,1.4475,0.3300,0.8475,0.1650,0.1304,7.3230,7.0345,1.1540,3.0845,0.5770,0.4562,0.9375,0.7313,0.8250,0.0563,0.4125,0.3261,1.8200,1.7250,0.3800,0.7200,0.1900,0.1502,45.5000,38.2500,29.0000,8.2500,14.5000,11.4633
Sn1Ta3,6.6925,5.300,181.030,14.77000,44.79037,30.0796,2.7344,1681.590,20.445,149.8289,165.3884,62.2379,106.0334,31.1189,24.6017,1.5450,1.6225,0.3100,0.9275,0.1550,0.1225,7.6170,7.7535,0.5460,4.0815,0.2730,0.2158,0.7610,0.5415,0.8780,0.0585,0.4390,0.3471,1.7300,1.6150,0.4600,0.6350,0.2300,0.1818,62.0000,59.5000,10.0000,26.0000,5.0000,3.9528
Al1Ge1Sr1,6.7,4.460,50.170,4.07000,46.00283,9.6301,6.3461,15619.188,255.576,62.4105,62.4105,60.6385,20.2128,25.7887,25.7887,1.4533,1.4533,0.7500,0.2500,0.3512,0.3512,6.5270,6.5270,2.2050,0.7350,0.9781,0.9781,0.5970,0.5970,1.3500,0.4500,0.5621,0.5621,1.5233,1.5233,1.0600,0.3533,0.4371,0.4371,110.0000,110.0000,200.0000,66.6667,88.9757,88.9757
Ir1Mo3,8.031,5.000,282.730,12.73000,37.71170,24.6856,3.9685,6122.788,62.500,144.0835,120.0168,96.2670,23.9083,48.1335,38.0529,1.4750,1.5075,0.1300,0.8025,0.0650,0.0514,8.0960,7.5940,2.0080,3.0440,1.0040,0.7937,1.1555,0.9508,0.8190,0.1683,0.4095,0.3237,2.1800,2.1700,0.0400,1.0700,0.0200,0.0158,144.5000,141.7500,11.0000,66.7500,5.5000,4.3481
N1V1,8.528333333500000,2.700,337.970,6.31000,10.29295,638.4238,0.1014,0.067,0.001,32.4741,32.4741,36.9348,18.4674,18.4674,18.4674,1.1200,1.1200,0.8200,0.4100,0.4100,0.4100,10.6400,10.6400,7.7880,3.8940,3.8940,3.8940,0.2625,0.2625,0.5250,0.2625,0.2625,0.2625,2.3350,2.3350,1.4100,0.7050,0.7050,0.7050,15.5129,15.5129,30.9742,15.4871,15.4871,15.4871
C1Ta1,8.6375,4.470,326.730,14.37000,13.42790,200.3412,1.0124,210.464,1.038,96.4797,96.4797,168.9363,84.4681,84.4681,84.4681,1.2150,1.2150,0.9700,0.4850,0.4850,0.4850,9.5750,9.5750,3.3700,1.6850,1.6850,1.6850,0.7925,0.7925,0.9410,0.4705,0.4705,0.4705,2.0250,2.0250,1.0500,0.5250,0.5250,0.5250,98.5000,98.5000,83.0000,41.5000,41.5000,41.5000
Re3W1,8.733333333,5.243,359.0,20.00000,37.12305,9.5178,5.4038,8115.843,157.797,185.0235,185.6153,2.3670,93.6953,1.1835,0.9356,1.5650,1.5375,0.1100,0.7275,0.0550,0.0435,7.9300,7.9050,0.1000,3.9150,0.0500,0.0395,0.4825,0.3163,0.6650,0.0913,0.3325,0.2629,2.1300,2.0150,0.4600,0.8350,0.2300,0.1818,109.0000,78.5000,122.0000,6.5000,61.0000,48.2247
Hf1N1,8.83,4.510,277.670,13.92000,13.82881,281.4893,0.6162,40.583,0.234,96.2464,96.2464,164.4793,82.2396,82.2396,82.2396,1.2300,1.2300,1.0400,0.5200,0.5200,0.5200,10.6795,10.6795,7.7090,3.8545,3.8545,3.8545,0.0000,0.0000,0.0000,0.0000,0.0000,0.0000,2.1700,2.1700,1.7400,0.8700,0.8700,0.8700,11.5129,11.5129,22.9742,11.4871,11.4871,11.4871
Nb0.75Si0.25,9.0,8.580,182.300,7.41000,41.40406,140.7534,1.4754,666.957,3.212,60.4962,76.7013,64.8204,62.6583,32.4102,25.6225,1.3750,1.5075,0.5300,0.9525,0.2650,0.2095,7.4555,7.1073,1.3930,3.0313,0.6965,0.5506,1.1390,1.0160,0.4920,0.3235,0.2460,0.1945,1.7500,1.6750,0.3000,0.7250,0.1500,0.1186,102.0000,78.0000,96.0000,3.0000,48.0000,37.9473
Ta1B2,9.5,3.163,301.820,12.27000,16.50920,278.8438,0.8841,170.360,0.691,95.8769,67.5200,170.1419,53.1120,85.0709,73.2174,1.2700,1.1267,0.8600,0.0067,0.4300,0.3701,8.0940,8.1620,0.4080,2.9020,0.2040,0.1756,0.2995,0.2920,0.0450,0.0773,0.0225,0.0194,1.7700,1.8600,0.5400,0.8600,0.2700,0.2324,42.0000,37.0000,30.0000,1.0000,15.0000,12.9099
Nb3Pt1,9.516428571,5.190,210.500,11.22000,42.22808,24.524,4.1598,7343.128,71.981,143.9952,118.4508,102.1776,20.9088,51.0888,40.3893,1.8650,1.7525,0.4500,0.7075,0.2250,0.1779,7.8795,7.3193,2.2410,2.8193,1.1205,0.8858,1.5105,1.2018,1.2350,0.1378,0.6175,0.4882,1.9400,1.7700,0.6800,0.6300,0.3400,0.2688,62.5000,58.2500,17.0000,22.7500,8.5000,6.7198
N1Zr1,9.85,4.590,247.0,7.23000,14.55422,359.4432,0.6035,47.680,0.220,52.6144,52.6144,77.2153,38.6076,38.6076,38.6076,1.2300,1.2300,1.0400,0.5200,0.5200,0.5200,10.5840,10.5840,7.9000,3.9500,3.9500,3.9500,0.2130,0.2130,0.4260,0.2130,0.2130,0.2130,2.1850,2.1850,1.7100,0.8550,0.8550,0.8550,11.5129,11.5129,22.9742,11.4871,11.4871,11.4871
C1I1Y1,9.9175,7.307,22.130,4.96000,45.93172,102.5157,0.8977,66.576,0.723,75.9406,75.9406,114.8929,38.2976,47.7924,47.7924,1.3400,1.3400,1.1700,0.3900,0.4790,0.4790,9.3093,9.3093,5.0430,1.6810,2.2114,2.2114,1.5430,1.5430,2.7520,0.9173,1.1408,1.1408,2.1433,2.1433,1.4400,0.4800,0.6544,0.6544,52.4830,52.4830,139.5510,46.5170,62.2517,62.2517
C1Nb1,10.025,4.510,299.630,7.61000,13.78678,338.4463,0.7927,133.637,0.498,52.4590,52.4590,80.8948,40.4474,40.4474,40.4474,1.1850,1.1850,0.9100,0.4550,0.4550,0.4550,9.0095,9.0095,4.5010,2.2505,2.2505,2.2505,1.0780,1.0780,0.3700,0.1850,0.1850,0.1850,2.0750,2.0750,0.9500,0.4750,0.4750,0.4750,97.0000,97.0000,86.0000,43.0000,43.0000,43.0000
C1Mo1,10.152,2.880,349.990,8.65000,12.48104,560.2538,0.196,0.827,0.008,53.9808,53.9808,83.9384,41.9692,41.9692,41.9692,1.1350,1.1350,0.8100,0.4050,0.4050,0.4050,9.1760,9.1760,4.1680,2.0840,2.0840,2.0840,1.0045,1.0045,0.5170,0.2585,0.2585,0.2585,2.3550,2.3550,0.3900,0.1950,0.1950,0.1950,139.5000,139.5000,1.0000,0.5000,0.5000,0.5000
Nb1Ru3,13.5,3.890,270.800,11.22000,35.31251,209.2415,0.7401,62.778,0.405,96.9882,99.0291,8.1636,52.5759,4.0818,3.2270,1.5500,1.5050,0.1800,0.6850,0.0900,0.0712,7.0600,7.2105,0.6020,3.8310,0.3010,0.2380,0.9715,1.0108,0.1570,0.5643,0.0785,0.0621,1.9000,2.0500,0.6000,1.2500,0.3000,0.2372,87.0000,103.5000,66.0000,76.5000,33.0000,26.0888
Mo1Ni1P1,15.5,5.117,232.240,8.47000,21.91461,272.1907,0.3616,4.654,0.047,61.8724,61.8724,64.9762,21.6587,26.6215,26.6215,1.2833,1.2833,0.4700,0.1567,0.1943,0.1943,8.4063,8.4063,3.3950,1.1317,1.4882,1.4882,0.8827,0.8827,0.4100,0.1367,0.1933,0.1933,2.0867,2.0867,0.2800,0.0933,0.1255,0.1255,76.7453,76.7453,138.7640,46.2547,57.5399,57.5399
Nb3Sn1,16.709,5.320,165.870,8.74000,45.47244,34.6964,2.9256,2541.817,25.041,105.8082,99.3573,25.8036,40.0023,12.9018,10.1998,1.5150,1.5775,0.2500,0.8825,0.1250,0.0988,7.0515,6.9053,0.5850,3.2333,0.2925,0.2312,1.0465,0.9698,0.3070,0.3698,0.1535,0.1214,1.7800,1.6900,0.3600,0.7100,0.1800,0.1423,60.5000,57.2500,13.0000,23.7500,6.5000,5.1387
Ga0.25Nb0.75,18.16296296333330,5.190,168.530,8.30000,41.98098,5.9134,13.3629,188555.902,2386.174,81.3147,87.1105,23.1834,52.2490,11.5917,9.1640,1.4300,1.5350,0.4200,0.9250,0.2100,0.1660,6.3790,6.5690,0.7600,3.5695,0.3800,0.3004,0.5965,0.7448,0.5930,0.5948,0.2965,0.2344,1.7050,1.6525,0.2100,0.7475,0.1050,0.0830,41.5000,47.7500,25.0000,33.2500,12.5000,9.8821
B2Mg0.98,38.4,3.213,155.420,2.67000,17.20037,846.3383,0.6959,198.487,0.337,17.5550,15.3053,13.4980,0.8973,6.7490,5.8086,1.1250,1.0300,0.5700,0.0900,0.2850,0.2453,7.9720,8.0807,0.6520,2.9833,0.3260,0.2806,0.1385,0.1847,0.2770,0.1847,0.1385,0.1192,1.6750,1.7967,0.7300,0.9233,0.3650,0.3141,93.5000,71.3333,133.0000,35.3333,66.5000,57.2341
